{"cameraMode":{"drawMode":2,"name":"Shaded Wireframe","section":"Shading Mode"},"sceneLighting":false,"audioPlay":false,"sceneViewState":{"showFog":true,"showMaterialUpdate":false,"showSkybox":true,"showFlares":true,"showImageEffects":true,"showParticleSystems":true},"in2DMode":false,"pivot":{"x":-0.14034557342529298,"y":1.8380677700042725,"z":-1.0338339805603028},"rotation":{"x":-0.06335458904504776,"y":0.9241287708282471,"z":-0.17563018202781678,"w":-0.33335837721824648},"size":10.0,"orthographic":false}