{"cameraMode":{"drawMode":2,"name":"Shaded Wireframe","section":"Shading Mode"},"sceneLighting":false,"audioPlay":false,"sceneViewState":{"showFog":true,"showMaterialUpdate":false,"showSkybox":true,"showFlares":true,"showImageEffects":true,"showParticleSystems":true},"in2DMode":false,"pivot":{"x":0.9974849224090576,"y":16.34907341003418,"z":-22.7469425201416},"rotation":{"x":-0.18221303820610047,"y":0.02860199473798275,"z":-0.005320331081748009,"w":-0.9828603267669678},"size":4.041658401489258,"orthographic":false}