{"cameraMode":{"drawMode":2,"name":"Shaded Wireframe","section":"Shading Mode"},"sceneLighting":false,"audioPlay":false,"sceneViewState":{"showFog":true,"showMaterialUpdate":false,"showSkybox":true,"showFlares":true,"showImageEffects":true,"showParticleSystems":true},"in2DMode":false,"pivot":{"x":-0.12909524142742158,"y":1.345402717590332,"z":6.473637104034424},"rotation":{"x":-0.06476517021656037,"y":0.0050851344130933289,"z":-0.00033536588307470083,"w":-0.9979127645492554},"size":4.041658401489258,"orthographic":false}